INSERT INTO User_E (id, username, firstName, lastName, email, password, address) VALUES
(1, 'user1', 'Bart', 'Holomew', 'b.holomew@email.com', 'bholomew', '123 Hello St.');
INSERT INTO User_E (id, username, firstName, lastName, email, password, address) VALUES
(2, 'Osmane', 'Ozzington', 'Smith', 'o.smith@email.com', 'osmith', '231 Bye St.');
INSERT INTO User_E (id, username, firstName, lastName, email, password, address) VALUES
(3, 'Anton123', 'John', 'Doe', 'j.doe@email.com', 'jdoe', '321 Thanks Ave.');
INSERT INTO User_E (id, username, firstName, lastName, email, password, address) VALUES
(4, 'OsmanBasilKim', 'Jacob', 'Doe', 'yeo@gmail.com', 'iloveosman!', '123 Oakland St.');
INSERT INTO User_E (id, username, firstName, lastName, email, password, address) VALUES
(5, 'POTUS', 'Joe', 'Biden', 'JBiden@gmail.com', 'IAMPOTUS', '1 Whitehouse Ln.');
INSERT INTO User_E (id, username, firstName, lastName, email, password, address) VALUES
(6, 'LebronJames', 'Lebron', 'JAmes', 'LBJ@gmail.com', 'King#1234', '123 Akron St.');
INSERT INTO User_E (id, username, firstName, lastName, email, password, address) VALUES
(7, 'Sunghoo456', 'Sunghoo', 'Basil', 'SungB@gmail.com', '123password123', '24 Galbraith Dr.');
INSERT INTO User_E (id, username, firstName, lastName, email, password, address) VALUES
(8, 'KingEnglandCricket', 'Paritosh', 'Jain', 'PJain@gmail.com', 'CricketSucks', '125 Blue Jays Way');
INSERT INTO User_E (id, username, firstName, lastName, email, password, address) VALUES
(9, 'LandoNorr', 'Lando', 'Norris', 'Norris@gmail.com', 'nowinsOnlyPodiums23', '34 Hello St.');
INSERT INTO User_E (id, username, firstName, lastName, email, password, address) VALUES
(10, 'SebVett', 'Sebastian', 'Vettel', 'SebVettel@gmail.com', '3Championships', '789 Galbraith Dr.');

INSERT INTO Company_E (make, country, yearFounded, hq, logoURL) VALUES ('BMW', 'Germany', 1916, 'Munich', 'https://upload.wikimedia.org/wikipedia/commons/thumb/f/f4/BMW_logo_%28gray%29.svg/1200px-BMW_logo_%28gray%29.svg.png');
-- data from https://en.wikipedia.org/wiki/BMW
INSERT INTO Company_E (make, country, yearFounded, hq, logoURL) VALUES ('Volkswagen', 'Germany', 1937, 'Wolfsburg', 'https://upload.wikimedia.org/wikipedia/commons/6/6d/Volkswagen_logo_2019.svg');
-- data from https://en.wikipedia.org/wiki/Volkswagen
INSERT INTO Company_E (make, country, yearFounded, hq, logoURL) VALUES ('SEAT', 'Spain', 1950, 'Martorell', 'https://upload.wikimedia.org/wikipedia/commons/thumb/f/fc/SEAT_Logo_from_2017.svg/2560px-SEAT_Logo_from_2017.svg.png');
-- data from https://en.wikipedia.org/wiki/SEAT
INSERT INTO Company_E (make, country, yearFounded, hq, logoURL) VALUES ('Renault', 'France', 1898, 'Boulogne-Billancourt', 'https://upload.wikimedia.org/wikipedia/commons/thumb/4/49/Renault_2009_logo.svg/2048px-Renault_2009_logo.svg.png');
INSERT INTO Company_E (make, country, yearFounded, hq, logoURL) VALUES ('Peugeot', 'France', 1896, 'Paris', 'https://upload.wikimedia.org/wikipedia/en/thumb/f/fe/Peugeot_2021.svg/1200px-Peugeot_2021.svg.png');
INSERT INTO Company_E (make, country, yearFounded, hq, logoURL) VALUES ('Toyota', 'Japan', 1937, 'Aichi', 'https://www.freepnglogos.com/uploads/toyota-logo-png/toyota-logos-brands-logotypes-0.png');
INSERT INTO Company_E (make, country, yearFounded, hq, logoURL) VALUES ('Opel', 'Germany', 1862, 'Russelsheim', 'https://upload.wikimedia.org/wikipedia/commons/thumb/1/11/Opel_logo.svg/2560px-Opel_logo.svg.png');
INSERT INTO Company_E (make, country, yearFounded, hq, logoURL) VALUES ('Mazda', 'Japan', 1920, 'Fuchu, Hiroshima', 'https://1000logos.net/wp-content/uploads/2019/12/Mazda_Logo.png');
INSERT INTO Company_E (make, country, yearFounded, hq, logoURL) VALUES ('Ford', 'USA', 1903, 'Michigan', 'https://upload.wikimedia.org/wikipedia/commons/thumb/3/3e/Ford_logo_flat.svg/2560px-Ford_logo_flat.svg.png');
INSERT INTO Company_E (make, country, yearFounded, hq, logoURL) VALUES ('Mercedes-Benz', 'Germany', 1926, 'Stuttgart', 'https://upload.wikimedia.org/wikipedia/commons/thumb/b/b9/Mercedes_Benz_Logo_11.jpg/1200px-Mercedes_Benz_Logo_11.jpg');
INSERT INTO Company_E (make, country, yearFounded, hq, logoURL) VALUES ('Chevrolet', 'USA', 1911, 'San Ramon', 'https://www.carlogos.org/logo/Chevrolet-logo-2013-2560x1440.png');
INSERT INTO Company_E (make, country, yearFounded, hq, logoURL) VALUES ('Audi', 'Germany', 1909, 'Ingolstadt', 'https://upload.wikimedia.org/wikipedia/commons/thumb/9/92/Audi-Logo_2016.svg/2560px-Audi-Logo_2016.svg.png');
INSERT INTO Company_E (make, country, yearFounded, hq, logoURL) VALUES ('Fiat', 'Italy', 1899, 'Turin', 'https://upload.wikimedia.org/wikipedia/commons/thumb/1/12/Fiat_Automobiles_logo.svg/2048px-Fiat_Automobiles_logo.svg.png');
INSERT INTO Company_E (make, country, yearFounded, hq, logoURL) VALUES ('Kia', 'South Korea', 1944, 'Seoul', 'https://www.cnet.com/a/img/resize/148e264de9d8cc9b7a97bbe2459402fda2406809/hub/2021/01/06/19ab53c1-6b8d-4f44-a89a-b84fc7f825e8/ogi-kia.jpg?auto=webp&fit=crop&height=675&width=1200');
INSERT INTO Company_E (make, country, yearFounded, hq, logoURL) VALUES ('Dacia', 'Romania', 1966, 'Mioveni', 'http://listcarbrands.com/wp-content/uploads/2016/12/Dacia-Logo.png');
INSERT INTO Company_E (make, country, yearFounded, hq, logoURL) VALUES ('MINI', 'United Kingdom', 1969, 'Phoenix', 'https://upload.wikimedia.org/wikipedia/commons/thumb/e/e9/MINI_logo.svg/2560px-MINI_logo.svg.png');
INSERT INTO Company_E (make, country, yearFounded, hq, logoURL) VALUES ('Hyundai', 'South Korea', 1967, 'Seoul', 'https://www.carlogos.org/logo/Hyundai-logo-grey-2560x1440.png');

INSERT INTO Car_E (id, make, sellerId, model, releaseYear, fuelType, price, vehicleType, hp, mileage, colour, transmission, carURL) VALUES
(1, 'BMW', 1, '316', 2011, 'Diesel', 6800, 'Sedan', 116, 235000, 'Pearl', 'Manual', 'https://carsguide-res.cloudinary.com/image/upload/f_auto,fl_lossy,q_auto,t_default/v1/editorial/vhs/BMW%20316i.png');
INSERT INTO Car_E (id, make, sellerId, model, releaseYear, fuelType, price, vehicleType, hp, mileage, colour, transmission, carURL) VALUES
(2, 'Volkswagen', 2, 'Golf', 2011, 'Gasoline', 6877, 'Hatchback', 122, 92800, 'Yellow', 'Manual', 'https://www.motortrend.com/uploads/sites/10/2015/11/2011-volkswagen-golf-6-at-pzev-3-door-hatchback-angular-front.png');
INSERT INTO Car_E (id, make, sellerId, model, releaseYear, fuelType, price, vehicleType, hp, mileage, colour, transmission, carURL) VALUES
(3, 'SEAT', 3, 'Exeo', 2011, 'Gasoline', 6900, 'Hatchback', 160, 149300, 'Silver', 'Manual', 'https://upload.wikimedia.org/wikipedia/commons/6/67/2011_SEAT_Exeo_Sport_Tech_CR_TDi_168_2.0_Front.jpg');
INSERT INTO Car_E (id, make, sellerId, model, releaseYear, fuelType, price, vehicleType, hp, mileage, colour, transmission, carURL) VALUES
(4, 'Renault', 4, 'Megane', 2011, 'Gasoline', 6950, 'Compact Car', 110, 96200, 'Red', 'Manual', 'https://upload.wikimedia.org/wikipedia/commons/c/c6/2019_Renault_Megane_R.S._300_Trophy_1.8_Front.jpg');
INSERT INTO Car_E (id, make, sellerId, model, releaseYear, fuelType, price, vehicleType, hp, mileage, colour, transmission, carURL) VALUES(
5, 'Peugeot', 5, '308', 2011, 'Gasoline', 6950, 'Compact Car', 156, 156000, 'Silver', 'Manual', 'https://upload.wikimedia.org/wikipedia/commons/9/9e/2022_-_Peugeot_308_III_%28C%29_-_121.jpg');
INSERT INTO Car_E (id, make, sellerId, model, releaseYear, fuelType, price, vehicleType, hp, mileage, colour, transmission, carURL) VALUES(
6, 'Toyota', 6, 'Auris', 2011, 'Electric', 6950, 'Hatchback', 99, 147000, 'Blue', 'Automatic', 'https://upload.wikimedia.org/wikipedia/commons/0/00/Toyota_Auris_2.0_D-4D_Executive_%28II%29_%E2%80%93_Frontansicht%2C_1._Juni_2013%2C_D%C3%BCsseldorf_%28cropped%29.jpg');
INSERT INTO Car_E (id, make, sellerId, model, releaseYear, fuelType, price, vehicleType, hp, mileage, colour, transmission, carURL) VALUES(
7, 'Renault', 7, 'Scenic', 2011, 'Diesel', 6970, 'Sports Car', 131, 91894, 'Yellow ', 'Manual', 'https://upload.wikimedia.org/wikipedia/commons/2/2e/2019_Renault_Grand_Scenic_Iconic_TCE_1.3.jpg');
INSERT INTO Car_E (id, make, sellerId, model, releaseYear, fuelType, price, vehicleType, hp, mileage, colour, transmission, carURL) VALUES(
8, 'Opel', 8, 'Meriva', 2011, 'Gasoline', 6972, 'Exotic ', 116, 127500, 'Almond', 'Manual', 'https://upload.wikimedia.org/wikipedia/commons/9/99/Opel_Meriva_B_front_20100723.jpg');
INSERT INTO Car_E (id, make, sellerId, model, releaseYear, fuelType, price, vehicleType, hp, mileage, colour, transmission, carURL) VALUES(
9, 'Mazda', 9, 3, 2011, 'Gasoline', 6980, 'Exotic ', 150, 115000, 'Yellow ', 'Automatic', 'https://www.mazda.ca/globalassets/mazda-canada/vehicles/2022/mazda3/1.0_c22_mazda3_design_desktop.jpg');
INSERT INTO Car_E (id, make, sellerId, model, releaseYear, fuelType, price, vehicleType, hp, mileage, colour, transmission, carURL) VALUES(
10, 'Ford', 10, 'Transit', 2011, 'Diesel', 6990, 'Compact Car', 86, 104, 'Green', 'Manual', 'https://upload.wikimedia.org/wikipedia/commons/thumb/8/88/2016_Ford_Transit_350_2.2.jpg/640px-2016_Ford_Transit_350_2.2.jpg');
INSERT INTO Car_E (id, make, sellerId, model, releaseYear, fuelType, price, vehicleType, hp, mileage, colour, transmission, carURL) VALUES(
11, 'Opel', 1, 'Zafira', 2011, 'Diesel', 6990, 'Hatchback', 101, 59580, 'Mocha', 'Automatic', 'https://upload.wikimedia.org/wikipedia/commons/4/46/Opel_Zafira_Tourer_2.0_CDTI_Innovation_%28C%29_%E2%80%93_Frontansicht%2C_23._Mai_2013%2C_Heiligenhaus.jpg');
INSERT INTO Car_E (id, make, sellerId, model, releaseYear, fuelType, price, vehicleType, hp, mileage, colour, transmission, carURL) VALUES(
12, 'Volkswagen', 2, 'Golf', 2011, 'Gasoline', 6990, 'Sports Car', 105, 84000, 'Mocha', 'Manual', 'https://www.carmag.co.za/wp-content/uploads/2020/07/qkaxt1043thr3nlj.jpg');
INSERT INTO Car_E (id, make, sellerId, model, releaseYear, fuelType, price, vehicleType, hp, mileage, colour, transmission, carURL) VALUES(
13, 'Mercedes-Benz', 3, 'E 250', 2011, 'Diesel', 6990, 'SUV', 204, 427000, 'Silver', 'Automatic', 'https://upload.wikimedia.org/wikipedia/commons/4/4f/2016_Mercedes-Benz_E220d_AMG_Line_Premium%2B_2.0_Front.jpg');
INSERT INTO Car_E (id, make, sellerId, model, releaseYear, fuelType, price, vehicleType, hp, mileage, colour, transmission, carURL) VALUES(
14, 'Chevrolet', 4, 'Orlando', 2011, 'Gasoline', 6990, 'Sports Car', 141, 109000, 'Black', 'Manual', 'https://upload.wikimedia.org/wikipedia/commons/a/a2/2012_Chevrolet_Orlando_LTZ_VCDi_Automatic_2.0_Front.jpg');
INSERT INTO Car_E (id, make, sellerId, model, releaseYear, fuelType, price, vehicleType, hp, mileage, colour, transmission, carURL) VALUES(
15, 'Audi', 5, 'A4', 2011, 'Diesel', 6999, 'Truck', 120, 194020, 'Mocha', 'Manual', 'https://upload.wikimedia.org/wikipedia/commons/7/7e/2018_Audi_A4_Sport_TDi_Quattro_S-A_2.0.jpg');
INSERT INTO Car_E (id, make, sellerId, model, releaseYear, fuelType, price, vehicleType, hp, mileage, colour, transmission, carURL) VALUES(
16, 'Volkswagen', 6, 'Polo', 2011, 'Gasoline', 6999, 'Sports Car', 60, 72000, 'Silver', 'Manual', 'https://upload.wikimedia.org/wikipedia/commons/9/91/VW_Polo_beats_%28VI%29_%E2%80%93_f_03032019_%28exposure_adjusted%29.jpg');
INSERT INTO Car_E (id, make, sellerId, model, releaseYear, fuelType, price, vehicleType, hp, mileage, colour, transmission, carURL) VALUES(
17, 'Renault', 7, 'Espace', 2011, 'Diesel', 6999, 'SUV', 150, 190000, 'Yellow ', 'Manual', 'https://upload.wikimedia.org/wikipedia/commons/2/2c/2015-present_Renault_Espace_Front.jpg');
INSERT INTO Car_E (id, make, sellerId, model, releaseYear, fuelType, price, vehicleType, hp, mileage, colour, transmission, carURL) VALUES(
18, 'Renault', 8, 'Grand Espace', 2011, 'Diesel', 6999, 'SUV', 150, 190000, 'Yellow ', 'Manual', 'https://www.motorparks.co.uk/feeds/do-cap-image.aspx?capid=38881');
INSERT INTO Car_E (id, make, sellerId, model, releaseYear, fuelType, price, vehicleType, hp, mileage, colour, transmission, carURL) VALUES(
19, 'Fiat', 9, 'Sedici', 2011, 'Diesel', 6999, 'Compact Car', 135, 85700, 'Blue', 'Manual', 'https://upload.wikimedia.org/wikipedia/commons/a/a1/2008_Fiat_Sedici_Dynamic_Multijet_1.9.jpg');
INSERT INTO Car_E (id, make, sellerId, model, releaseYear, fuelType, price, vehicleType, hp, mileage, colour, transmission, carURL) VALUES(
20, 'Opel', 10, 'Corsa', 2011, 'Gasoline', 7000, 'SUV', 101, 82000, 'White', 'Manual', 'https://upload.wikimedia.org/wikipedia/commons/6/61/Opel_Corsa_C_1.2_Elegance_front_20100912.jpg');
INSERT INTO Car_E (id, make, sellerId, model, releaseYear, fuelType, price, vehicleType, hp, mileage, colour, transmission, carURL) VALUES(
21, 'Kia', 1, 'Picanto', 2012, 'Gasoline', 7850, 'Hatchback', 86, 44800, 'Pearl', 'Automatic', 'https://upload.wikimedia.org/wikipedia/commons/8/8d/2018_Kia_Picanto_3_Automatic_1.2_Front.jpg');
INSERT INTO Car_E (id, make, sellerId, model, releaseYear, fuelType, price, vehicleType, hp, mileage, colour, transmission, carURL) VALUES(
22, 'Volkswagen', 2, 'Golf', 2012, 'Gasoline', 7850, 'Sports Car', 105, 81970, 'Silver', 'Manual', 'https://upload.wikimedia.org/wikipedia/commons/8/8a/2020_Volkswagen_Golf_Style_1.5_Front.jpg');
INSERT INTO Car_E (id, make, sellerId, model, releaseYear, fuelType, price, vehicleType, hp, mileage, colour, transmission, carURL) VALUES(
23, 'Dacia', 3, 'Duster', 2012, 'Gasoline', 7900, 'Truck', 105, 24000, 'Green', 'Manual', 'https://upload.wikimedia.org/wikipedia/commons/c/c2/2018_Dacia_Duster_Comfort_1.6.jpg');
INSERT INTO Car_E (id, make, sellerId, model, releaseYear, fuelType, price, vehicleType, hp, mileage, colour, transmission, carURL) VALUES(
24, 'Volkswagen', 4, 'Cross Touran', 2012, 'Diesel', 7900, 'Sports Car', 105, 193333, 'White', 'Manual', 'https://www.auto-data.net/images/f44/Volkswagen-Cross-Touran-I.jpg');
INSERT INTO Car_E (id, make, sellerId, model, releaseYear, fuelType, price, vehicleType, hp, mileage, colour, transmission, carURL) VALUES(
25, 'Volkswagen', 5, 'Beetle', 2012, 'Gasoline', 7900, 'Sports Car', 105, 113000, 'Black', 'Manual', 'https://upload.wikimedia.org/wikipedia/commons/8/82/2002_Volkswagen_New_Beetle_%289C_MY02.5%29_2.0_coupe_%282010-10-01%29_01.jpg');
INSERT INTO Car_E (id, make, sellerId, model, releaseYear, fuelType, price, vehicleType, hp, mileage, colour, transmission, carURL) VALUES(
26, 'Volkswagen', 6, 'Golf Cabriolet', 2012, 'Gasoline', 7949, 'Hatchback', 105, 117000, 'Almond', 'Manual', 'https://upload.wikimedia.org/wikipedia/commons/6/6c/VW_Golf_Cabriolet_5049_ubt.JPG');
INSERT INTO Car_E (id, make, sellerId, model, releaseYear, fuelType, price, vehicleType, hp, mileage, colour, transmission, carURL) VALUES(
27, 'BMW', 7, '118', 2012, 'Diesel', 7950, 'Truck', 143, 299900, 'Red', 'Manual', 'https://upload.wikimedia.org/wikipedia/commons/f/f8/2019_BMW_118i_SE_1.5_Front.jpg');
INSERT INTO Car_E (id, make, sellerId, model, releaseYear, fuelType, price, vehicleType, hp, mileage, colour, transmission, carURL) VALUES(
28, 'Opel', 8, 'Astra', 2012, 'Gasoline', 7950, 'Exotic ', 140, 104250, 'Blue', 'Manual', 'https://upload.wikimedia.org/wikipedia/commons/thumb/0/04/Opel_Astra_G_front_20081128.jpg/1200px-Opel_Astra_G_front_20081128.jpg');
INSERT INTO Car_E (id, make, sellerId, model, releaseYear, fuelType, price, vehicleType, hp, mileage, colour, transmission, carURL) VALUES(
29, 'Peugeot', 9, '308', 2012, 'Diesel', 7950, 'Sports Car', 163, 151250, 'Mocha', 'Manual', 'https://upload.wikimedia.org/wikipedia/commons/9/9e/2022_-_Peugeot_308_III_%28C%29_-_121.jpg');
INSERT INTO Car_E (id, make, sellerId, model, releaseYear, fuelType, price, vehicleType, hp, mileage, colour, transmission, carURL) VALUES(
30, 'BMW', 10, '118', 2012, 'Diesel', 7980, 'Exotic ', 143, 133500, 'Yellow ', 'Manual', 'https://upload.wikimedia.org/wikipedia/commons/3/32/BMW_E87_front_20080719.jpg');
INSERT INTO Car_E (id, make, sellerId, model, releaseYear, fuelType, price, vehicleType, hp, mileage, colour, transmission, carURL) VALUES(
31, 'Opel', 1, 'Kadett', 2012, 'Gasoline', 7980, 'Truck', 179, 105000, 'Mocha', 'Manual', 'https://upload.wikimedia.org/wikipedia/commons/thumb/b/be/Opel_Kadett_C_Coupe_1978.jpg/640px-Opel_Kadett_C_Coupe_1978.jpg');
INSERT INTO Car_E (id, make, sellerId, model, releaseYear, fuelType, price, vehicleType, hp, mileage, colour, transmission, carURL) VALUES(
32, 'Ford', 2, 'Focus', 2012, 'Gasoline', 7990, 'Exotic ', 125, 114164, 'Almond', 'Manual', 'https://upload.wikimedia.org/wikipedia/commons/7/75/2018_Ford_Focus_ST-Line_X_1.0.jpg');
INSERT INTO Car_E (id, make, sellerId, model, releaseYear, fuelType, price, vehicleType, hp, mileage, colour, transmission, carURL) VALUES(
33, 'MINI', 3, 'One D Countryman', 2012, 'Diesel', 7990, 'Compact Car', 90, 128000, 'White', 'Manual', 'https://media.evo.co.uk/image/private/s--Pf_DVTza--/v1556261966/evo/images/dir_826/car_photo_413443.jpg');
INSERT INTO Car_E (id, make, sellerId, model, releaseYear, fuelType, price, vehicleType, hp, mileage, colour, transmission, carURL) VALUES(
34, 'BMW', 4, 'E36', 2012, 'Diesel', 7999, 'Exotic ', 143, 150000, 'Silver', 'Manual', 'https://hips.hearstapps.com/hmg-prod.s3.amazonaws.com/images/s-l1600-1592412559.jpg');
INSERT INTO Car_E (id, make, sellerId, model, releaseYear, fuelType, price, vehicleType, hp, mileage, colour, transmission, carURL) VALUES(
35, 'MINI', 5, 'Cooper Clubman', 2012, 'Gasoline', 7999, 'Sedan', 122, 160000, 'White', 'Manual', 'https://editorials.autotrader.ca/media/171893/2019-mini-cooper-clubman-all4-03-dh.jpg?center=0.6912751677852349,0.5&mode=crop&width=1920&height=1080&rnd=132114462263670000');
INSERT INTO Car_E (id, make, sellerId, model, releaseYear, fuelType, price, vehicleType, hp, mileage, colour, transmission, carURL) VALUES(
36, 'Mercedes-Benz', 6, 'B-180', 2012, 'Diesel', 8000, 'Compact Car', 109, 165000, 'White', 'Manual', 'https://upload.wikimedia.org/wikipedia/commons/a/a9/Mercedes-Benz_W247_IMG_0398.jpg');
INSERT INTO Car_E (id, make, sellerId, model, releaseYear, fuelType, price, vehicleType, hp, mileage, colour, transmission, carURL) VALUES(
37, 'Renault', 7, 'Sandero', 2012, 'Gasoline', 8000, 'Compact Car', 131, 51200, 'Pearl', 'Manual', 'https://upload.wikimedia.org/wikipedia/commons/2/23/Dacia_Sandero_III_IMG_5761.jpg');
INSERT INTO Car_E (id, make, sellerId, model, releaseYear, fuelType, price, vehicleType, hp, mileage, colour, transmission, carURL) VALUES(
38, 'Opel', 8, 'Insignia', 2012, 'Diesel', 8000, 'Hatchback', 160, 107000, 'Blue', 'Manual', 'https://upload.wikimedia.org/wikipedia/commons/e/ed/Opel_Insignia_Sports_Tourer_1.5_DIT_Innovation_%28B%29_%E2%80%93_Frontansicht%2C_12._Mai_2017%2C_D%C3%BCsseldorf.jpg');
INSERT INTO Car_E (id, make, sellerId, model, releaseYear, fuelType, price, vehicleType, hp, mileage, colour, transmission, carURL) VALUES(
39, 'MINI', 9, 'One', 2012, 'Gasoline', 8000, 'Hatchback', 98, 130000, 'Black', 'Manual', 'https://upload.wikimedia.org/wikipedia/commons/thumb/7/7e/2014_MINI_Cooper_Hardtop_--_NHTSA_test_8883_-_front.jpg/1200px-2014_MINI_Cooper_Hardtop_--_NHTSA_test_8883_-_front.jpg');
INSERT INTO Car_E (id, make, sellerId, model, releaseYear, fuelType, price, vehicleType, hp, mileage, colour, transmission, carURL) VALUES(
40, 'BMW', 10, '320', 2012, 'Diesel', 8199, 'Sports Car', 184, 214000, 'Blue', 'Automatic', 'https://upload.wikimedia.org/wikipedia/commons/8/8d/BMW_G20_IMG_0167.jpg');
INSERT INTO Car_E (id, make, sellerId, model, releaseYear, fuelType, price, vehicleType, hp, mileage, colour, transmission, carURL) VALUES(
41, 'Opel', 1, 'GT', 2013, 'Gasoline', 8990, 'SUV', 140, 73760, 'Pearl', 'Manual', 'https://upload.wikimedia.org/wikipedia/commons/thumb/0/04/Opel_GT%2C_Bj._1973_am_16.07.2006.jpg/1200px-Opel_GT%2C_Bj._1973_am_16.07.2006.jpg');
INSERT INTO Car_E (id, make, sellerId, model, releaseYear, fuelType, price, vehicleType, hp, mileage, colour, transmission, carURL) VALUES(
42, 'Volkswagen', 2, 'Polo-GT', 2013, 'Gasoline', 8990, 'SUV', 160, 113000, 'Almond', 'Manual', 'https://www.carblogindia.com/wp-content/uploads/2020/03/Volkswagen-Polo-GT.jpg');
INSERT INTO Car_E (id, make, sellerId, model, releaseYear, fuelType, price, vehicleType, hp, mileage, colour, transmission, carURL) VALUES(
43, 'Hyundai', 3, 'iX35', 2013, 'Diesel', 8990, 'SUV', 116, 108803, 'Mocha', 'Manual', 'https://assets-eu-01.kc-usercontent.com/3b3d460e-c5ae-0195-6b86-3ac7fb9d52db/af17dbcf-c3bb-4958-830f-2f1fffd21ffb/Hyundai%20ix35.jpg');
INSERT INTO Car_E (id, make, sellerId, model, releaseYear, fuelType, price, vehicleType, hp, mileage, colour, transmission, carURL) VALUES(
44, 'Opel', 4, 'Adam', 2013, 'Gasoline', 8990, 'Sedan', 101, 7400, 'Yellow ', 'Manual', 'https://www.topgear.com/sites/default/files/cars-car/image/2015/01/buyers_guide_-_vauxhall_adam_2014_-_front_quarter.jpg');
INSERT INTO Car_E (id, make, sellerId, model, releaseYear, fuelType, price, vehicleType, hp, mileage, colour, transmission, carURL) VALUES(
45, 'BMW', 5, '520', 2013, 'Diesel', 8990, 'Truck', 184, 239211, 'Black', 'Automatic', 'https://upload.wikimedia.org/wikipedia/commons/5/52/BMW_G30_FL_IMG_5351.jpg');
INSERT INTO Car_E (id, make, sellerId, model, releaseYear, fuelType, price, vehicleType, hp, mileage, colour, transmission, carURL) VALUES(
46, 'Ford', 6, 'B-Max', 2013, 'Gasoline', 8995, 'Compact Car', 120, 86980, 'Yellow ', 'Manual', 'https://upload.wikimedia.org/wikipedia/commons/thumb/e/ed/Ford_B-Max_Titanium_%E2%80%93_Frontansicht%2C_22._Februar_2014%2C_Ratingen.jpg/1200px-Ford_B-Max_Titanium_%E2%80%93_Frontansicht%2C_22._Februar_2014%2C_Ratingen.jpg');
INSERT INTO Car_E (id, make, sellerId, model, releaseYear, fuelType, price, vehicleType, hp, mileage, colour, transmission, carURL) VALUES(
47, 'Volkswagen', 7, '', 2013, 'Diesel', 8999, 'Compact Car', 105, 98000, 'Silver', 'Automatic', 'https://upload.wikimedia.org/wikipedia/commons/b/b7/VW_Golf_Variant_1.4_TSI_BlueMotion_Technology_Highline_%28VII%2C_Facelift%29_%E2%80%93_Frontansicht%2C_21._April_2017%2C_D%C3%BCsseldorf.jpg');
INSERT INTO Car_E (id, make, sellerId, model, releaseYear, fuelType, price, vehicleType, hp, mileage, colour, transmission, carURL) VALUES(
48, 'Ford', 8, 'Bronco', 2013, 'Diesel', 8999, 'Truck', 101, 98988, 'Black', 'Manual', 'https://upload.wikimedia.org/wikipedia/commons/0/05/2021_Ford_Bronco_Outer_Banks%2C_Front_Right%2C_10-10-2021.jpg');
INSERT INTO Car_E (id, make, sellerId, model, releaseYear, fuelType, price, vehicleType, hp, mileage, colour, transmission, carURL) VALUES(
49, 'Opel', 9, 'Mokka', 2013, 'Gasoline', 8999, 'Sedan', 101, 41124, 'Red', 'Manual', 'https://upload.wikimedia.org/wikipedia/commons/c/c2/Opel_Mokka-e_IMG_6111.jpg');
INSERT INTO Car_E (id, make, sellerId, model, releaseYear, fuelType, price, vehicleType, hp, mileage, colour, transmission, carURL) VALUES(
50, 'Mercedes-Benz', 10, 'AMG-GTR', 2013, 'Diesel', 20000, 'SUV', 140, 170000, 'Red', 'Manual', 'https://www.motortrend.com/uploads/sites/5/2016/12/2018-Mercedes-AMG-GT-R-front-three-quarters-in-motion-e1481915866815.jpg');
-- data from https://www.kaggle.com/datasets/ander289386/cars-germany

INSERT INTO Review_E (id, userId, carId, dateTimeStamp, reviewText, likes, replies) VALUES (1, 1, 1, '09/27/2022', 'Amazing car!', 0, 1);
INSERT INTO Review_E (id, userId, carId, dateTimeStamp, reviewText, likes, replies) VALUES (2, 2, 3, '09/28/2022', 'This car should not exist.', 100, 12);
INSERT INTO Review_E (id, userId, carId, dateTimeStamp, reviewText, likes, replies) VALUES (3, 4, 34, '09/31/2022', 'Wowza! I love this car', 10, 1);
INSERT INTO Review_E (id, userId, carId, dateTimeStamp, reviewText, likes, replies) VALUES (4, 7, 45, '10/28/2022', 'Underwhelming car. Bad experience with the seller. 2/5 stars.', 0, 0);
INSERT INTO Review_E (id, userId, carId, dateTimeStamp, reviewText, likes, replies) VALUES (5, 4, 23, '03/20/2022', 'Have had the car for 3 months, no problems yet.', 4, 0);
INSERT INTO Review_E (id, userId, carId, dateTimeStamp, reviewText, likes, replies) VALUES (6, 10, 50, '10/02/2022', 'Amazing price for this car. A true steal. I will be going very fast!!!', 100, 5);



